modalidad_limpia,ubicacion,cantidad_empleos,empresas_unicas
Remoto,Argentina (En remoto),18,10
Remoto,América Latina (En remoto),6,4
Híbrido,Buenos Aires y alrededores (Híbrido),4,2
Remoto,Buenos Aires y alrededores (En remoto),3,2
Híbrido,"Buenos Aires, Provincia de Buenos Aires, Argentina (Híbrido)",2,2
Híbrido,"Provincia de Buenos Aires, Argentina (Híbrido)",1,1
No Encontrado,"Buenos Aires, Provincia de Buenos Aires, Argentina",1,1
No Encontrado,Randstad Argentina,1,1
No Encontrado,PwC Argentina,1,1
No Encontrado,ManpowerGroup Argentina,1,1
Presencial,Buenos Aires y alrededores (Presencial),1,1
